Name,Set,PRI-S,PRI-TT,TT%,Card Rating,OC Prob,Total Points Per Round,DQ Prob,P/A Prob,Sub Prob,XX Prob,Sumission Loss,Tag Team Save,,Dup Name,Division,,,
Andre the Giant,Promoter's Dream,6,2,11.1%,13.0,72.2%,6.673,0.0%,9.4%,8.1%,8.0%,2.8%,58.3%, ,,,,,
Ric Flair,Promoter's Dream,6,2,11.1%,12.8,69.4%,6.568,0.0%,6.0%,10.1%,9.6%,2.8%,27.8%, ,,,,,
Rick Martel,Promoter's Dream,6,2,11.1%,12.7,69.4%,6.461,0.0%,10.3%,1.9%,5.8%,2.8%,27.8%, ,,,,,
Bruiser Brody*,AWA,6,2,11.1%,12.1,66.7%,5.834,6.3%,7.4%,5.6%,11.1%,8.3%,41.7%, ,,,,,
Rambo,SuperSet '85,5,2,8.3%,12.0,69.4%,6.739,0.0%,8.0%,3.9%,11.6%,2.8%,8.3%, ,,,,,
Antonio Inoki,SuperSet '89,5,2,8.3%,12.0,69.4%,6.739,0.0%,8.0%,3.9%,11.6%,2.8%,8.3%, ,,,,,
Bob Backlund,SuperSet '83,5,1,5.6%,11.8,69.4%,6.298,0.1%,21.4%,8.9%,7.7%,8.3%,27.8%, ,,,,,
Ric Flair,NWA '88,5,2,11.1%,11.8,66.7%,6.293,2.0%,19.0%,6.8%,11.1%,2.8%,27.8%, ,,,,,
Sgt. Slaughter,Promoter's Dream,6,2,8.3%,11.8,55.6%,5.672,0.0%,6.0%,3.6%,7.7%,8.3%,41.7%, ,,,,,
Andre the Giant,Deluxe Edition,5,2,11.1%,11.7,69.4%,6.352,0.1%,12.4%,4.2%,7.7%,2.8%,41.7%, ,,,,,
Verne Gagne,AWA,5,2,11.1%,11.7,66.7%,6.454,0.0%,5.8%,12.5%,9.3%,2.8%,27.8%, ,,,,,
Hulk Hogan,Deluxe Edition,5,2,8.3%,11.6,69.4%,6.374,0.2%,10.1%,4.3%,7.7%,8.3%,72.2%, ,,,,,
Nikita Koloff,SuperSet '85,5,4,16.7%,11.6,66.7%,6.237,0.0%,14.5%,0.0%,11.1%,2.8%,72.2%, ,,,,,
Giant Baba,SuperSet '89,5,3,16.7%,11.6,66.7%,6.237,0.0%,14.5%,0.0%,11.1%,2.8%,72.2%, ,,,,,
Bob Backlund,AWA,5,1,5.6%,11.5,69.4%,6.298,0.1%,7.9%,8.9%,7.7%,8.3%,27.8%, ,,,,,
Bob Backlund,Deluxe Edition,5,1,5.6%,11.5,69.4%,6.306,0.1%,7.9%,3.2%,7.7%,8.3%,27.8%, ,,,,,
Andre the Giant,SuperSet '83,5,2,11.1%,11.5,69.4%,6.234,0.1%,9.2%,6.1%,7.7%,2.8%,41.7%, ,,,,,
Crusher,AWA,5,2,8.3%,11.4,69.4%,6.321,0.3%,8.1%,0.0%,7.7%,8.3%,58.3%, ,,,,,
Bruno Sammartino,AWA,5,2,8.3%,11.3,66.7%,6.196,0.1%,1.1%,9.6%,7.4%,2.8%,41.7%, ,,,,,
Bruno Sammartino,Deluxe Edition,5,2,8.3%,11.3,66.7%,6.196,0.1%,1.1%,9.6%,7.4%,8.3%,41.7%, ,,,,,
Dusty Rhodes,NWA '88,5,2,13.9%,11.3,66.7%,5.942,0.1%,14.5%,5.6%,11.1%,8.3%,16.7%, ,,,,,
Bruno Sammartino,SuperSet '83,5,2,8.3%,11.3,66.7%,6.196,0.1%,1.1%,9.6%,7.4%,8.3%,41.7%, ,,,,,
Carlos Colon,SuperSet '84,5,2,11.1%,11.3,66.7%,6.191,0.0%,3.0%,6.8%,5.6%,8.3%,16.7%, ,,,,,
Magnum T.A.,Promoter's Dream,5,2,11.1%,11.2,69.4%,6.202,1.9%,3.7%,5.8%,7.7%,16.7%,16.7%, ,,,,,
Superstar Graham,SuperSet '83,5,2,8.3%,11.2,69.4%,6.190,0.1%,7.2%,2.8%,9.6%,16.7%,72.2%, ,,,,,
Magnum T.A.,SuperSet '85,5,2,11.1%,11.2,69.4%,6.000,0.0%,8.0%,5.8%,5.8%,8.3%,16.7%, ,,,,,
Mr. Perfect Curt Hennig,SuperSet '89,5,2,11.1%,11.2,69.4%,6.000,0.0%,8.0%,5.8%,5.8%,8.3%,16.7%, ,,,,,
Nick Bockwinkle,AWA,5,2,11.1%,11.2,66.7%,6.014,2.0%,6.8%,5.6%,9.3%,8.3%,58.3%, ,,,,,
Sting,NWA '88,5,2,13.9%,11.2,66.7%,6.119,5.6%,6.0%,3.7%,9.3%,16.7%,27.8%, ,,,,,
Greg 'The Hammer' Valentine,SuperSet '83,5,3,13.9%,11.2,66.7%,6.093,0.1%,2.8%,9.3%,9.3%,8.3%,58.3%, ,,,,,
Hulk Hogan,SuperSet '83,5,2,8.3%,11.2,66.7%,6.120,0.2%,1.8%,6.3%,7.4%,8.3%,72.2%, ,,,,,
Curt Hennig,SuperSet '87,5,2,11.1%,11.2,66.7%,6.079,0.0%,6.0%,7.4%,3.7%,8.3%,27.8%, ,,,,,
Demolition Crush,SuperSet '90,5,3,13.9%,11.2,66.7%,5.963,0.0%,10.2%,1.9%,11.1%,8.3%,41.7%, ,,,,,
Tiger Mask**,SuperSet '83,5,3,11.1%,11.2,63.9%,6.118,0.0%,9.2%,7.1%,3.5%,16.7%,58.3%, ,,,,,
Billy Jack Haynes,Promoter's Dream,5,3,11.1%,11.1,69.4%,6.144,0.0%,4.9%,2.0%,7.7%,16.7%,41.7%, ,,,,,
Mil Mascaras,Deluxe Edition,5,3,13.9%,11.1,66.7%,6.186,0.0%,5.5%,3.7%,5.6%,27.8%,41.7%, ,,,,,
Nick Bockwinkle,Deluxe Edition,5,2,11.1%,11.1,66.7%,6.014,2.0%,5.8%,2.9%,9.3%,8.3%,58.3%, ,,,,,
Rick Martel,Deluxe Edition,5,2,8.3%,11.1,66.7%,6.079,0.0%,10.6%,5.6%,7.4%,27.8%,41.7%, ,,,,,
Road Warrior Animal,Deluxe Edition,5,4,16.7%,11.1,66.7%,5.905,4.5%,8.1%,3.7%,9.3%,8.3%,72.2%, ,,,,,
Road Warrior Hawk,Deluxe Edition,5,4,16.7%,11.1,66.7%,5.973,0.4%,4.7%,3.7%,9.3%,8.3%,72.2%, ,,,,,
Sgt. Slaughter,Deluxe Edition,5,3,13.9%,11.1,66.7%,5.883,0.3%,6.2%,12.4%,11.1%,8.3%,58.3%, ,,,,,
Superfly Jimmy Snuka,Deluxe Edition,5,3,13.9%,11.1,66.7%,5.983,0.2%,8.3%,1.9%,9.3%,16.7%,58.3%, ,,,,,
Tito Santana,Deluxe Edition,5,3,13.9%,11.1,66.7%,6.040,0.0%,6.3%,9.3%,5.6%,16.7%,58.3%, ,,,,,
Kerry Von Erich,Promoter's Dream,5,3,13.9%,11.1,66.7%,6.124,0.0%,5.0%,3.3%,7.4%,16.7%,41.7%, ,,,,,
Mil Mascaras,SuperSet '83,5,3,13.9%,11.1,66.7%,6.206,0.0%,7.4%,3.7%,5.6%,27.8%,41.7%, ,,,,,
Nick Bockwinkle,SuperSet '83,5,2,11.1%,11.1,66.7%,6.014,2.0%,5.8%,2.9%,9.3%,8.3%,58.3%, ,,,,,
Sgt. Slaughter,SuperSet '83,5,3,13.9%,11.1,66.7%,5.883,0.3%,6.2%,12.4%,11.1%,8.3%,58.3%, ,,,,,
Superfly Jimmy Snuka,SuperSet '83,5,3,13.9%,11.1,66.7%,5.983,0.2%,8.3%,1.9%,9.3%,16.7%,58.3%, ,,,,,
Road Warrior Animal,SuperSet '84,5,4,16.7%,11.1,66.7%,5.905,4.5%,8.1%,3.7%,9.3%,8.3%,72.2%, ,,,,,
Road Warrior Hawk,SuperSet '84,5,4,16.7%,11.1,66.7%,5.973,0.4%,4.7%,3.7%,9.3%,8.3%,72.2%, ,,,,,
Nikita Koloff,SuperSet '86,5,3,13.9%,11.1,66.7%,5.963,0.0%,8.4%,3.7%,11.1%,8.3%,41.7%, ,,,,,
Steve Simpson,SuperSet '87,5,3,13.9%,11.1,66.7%,6.039,0.0%,7.0%,5.8%,5.6%,16.7%,27.8%, ,,,,,
Mongolian Stomper,Promoter's Dream,5,2,11.1%,11.1,63.9%,6.141,0.2%,1.8%,5.5%,7.1%,16.7%,27.8%, ,,,,,
Kerry Von Erich,Deluxe Edition,5,2,11.1%,11.0,69.4%,6.090,0.0%,0.8%,2.7%,7.7%,16.7%,27.8%, ,,,,,
Kerry Von Erich,Deluxe Edition,5,2,11.1%,11.0,69.4%,6.090,0.0%,0.8%,2.7%,7.7%,16.7%,27.8%, ,,,,,
Nikita Koloff,NWA '88,5,2,11.1%,11.0,69.4%,5.818,0.2%,8.5%,3.9%,7.7%,8.3%,27.8%, ,,,,,
Iron Sheik,SuperSet '84,5,1,5.6%,11.0,69.4%,6.072,4.4%,2.0%,10.6%,7.7%,27.8%,41.7%, ,,,,,
Stan Hansen,SuperSet '86,5,2,11.1%,11.0,69.4%,5.760,7.8%,8.6%,4.8%,11.6%,8.3%,27.8%, ,,,,,
Hacksaw Duggan,SuperSet '87,5,2,11.1%,11.0,69.4%,5.918,2.0%,5.9%,0.0%,11.6%,8.3%,41.7%, ,,,,,
Sgt. Slaughter,SuperSet '90,5,2,11.1%,11.0,69.4%,5.760,7.8%,8.6%,4.8%,11.6%,8.3%,27.8%, ,,,,,
King Kong Bundy,Deluxe Edition,5,2,11.1%,11.0,66.7%,5.956,0.2%,6.4%,0.0%,5.6%,8.3%,41.7%, ,,,,,
Magnificent Don Muraco,Deluxe Edition,5,2,8.3%,11.0,66.7%,6.116,0.1%,2.4%,5.6%,7.4%,27.8%,72.2%, ,,,,,
King Kong Bundy,SuperSet '84,5,2,11.1%,11.0,66.7%,5.956,0.2%,6.4%,0.0%,5.6%,8.3%,41.7%, ,,,,,
Greg 'The Hammer' Valentine,Deluxe Edition,5,3,13.9%,11.0,63.9%,5.924,0.0%,1.5%,8.9%,8.9%,8.3%,58.3%, ,,,,,
Tito Santana,Promoter's Dream,5,3,13.9%,10.9,72.2%,6.089,0.0%,2.1%,2.0%,6.0%,27.8%,41.7%, ,,,,,
Lex Luger,SuperSet '86,5,2,8.3%,10.9,69.4%,5.892,0.1%,6.8%,0.3%,9.6%,16.7%,27.8%, ,,,,,
Lex Luger,SuperSet '90,5,2,8.3%,10.9,69.4%,5.892,0.1%,2.9%,4.1%,9.6%,16.7%,27.8%, ,,,,,
Billy Jack Haynes,Deluxe Edition,5,2,11.1%,10.9,66.7%,6.001,0.0%,6.4%,2.3%,3.7%,27.8%,27.8%, ,,,,,
Junkyard Dog,Deluxe Edition,5,2,11.1%,10.9,66.7%,5.932,0.1%,6.3%,0.0%,7.4%,16.7%,16.7%, ,,,,,
Magnificent Don Muraco,Promoter's Dream,5,2,8.3%,10.9,66.7%,5.805,9.5%,6.3%,0.0%,11.1%,16.7%,41.7%, ,,,,,
Junkyard Dog,SuperSet '83,5,2,11.1%,10.9,66.7%,5.932,0.1%,2.6%,0.0%,7.4%,16.7%,16.7%, ,,,,,
Billy Jack,SuperSet '84,5,2,11.1%,10.9,66.7%,6.001,0.0%,6.4%,2.3%,3.7%,27.8%,27.8%, ,,,,,
Jumbo Tsuruta,SuperSet '84,5,1,2.8%,10.9,66.7%,5.851,0.2%,0.1%,7.4%,3.7%,8.3%,16.7%, ,,,,,
Kevin Von Erich,SuperSet '84,5,4,16.7%,10.9,66.7%,5.733,0.2%,9.4%,5.0%,11.1%,16.7%,41.7%, ,,,,,
Dino Bravo,SuperSet '85,5,2,11.1%,10.9,66.7%,5.788,0.0%,8.5%,0.0%,5.6%,8.3%,16.7%, ,,,,,
Macho Man Randy Savage,SuperSet '85,5,3,13.9%,10.9,66.7%,5.755,1.9%,6.9%,0.0%,9.3%,8.3%,16.7%, ,,,,,
Ron Simmons,SuperSet '89,5,2,11.1%,10.9,66.7%,5.788,0.0%,8.5%,0.0%,5.6%,8.3%,16.7%, ,,,,,
The Ultimate Warrior,SuperSet '89,5,3,13.9%,10.9,66.7%,5.755,1.9%,6.9%,0.0%,9.3%,8.3%,16.7%, ,,,,,
Road Warrior Hawk,AWA,5,3,16.7%,10.9,63.9%,5.791,0.4%,5.7%,3.5%,8.9%,8.3%,72.2%, ,,,,,
Superstar Billy Graham,Deluxe Edition,5,2,8.3%,10.9,63.9%,5.839,0.0%,6.6%,2.6%,8.9%,16.7%,72.2%, ,,,,,
Dusty Rhodes,AWA,4,2,11.1%,10.8,75.0%,6.555,0.2%,14.2%,4.2%,8.3%,16.7%,58.3%, ,,,,,
Dr. Red Fang,Deluxe Edition,5,2,8.3%,10.8,66.7%,5.708,1.9%,7.3%,3.3%,3.7%,16.7%,41.7%, ,,,,,
Iron Shiek,Deluxe Edition,5,2,8.3%,10.8,66.7%,5.898,4.3%,2.8%,9.3%,7.4%,27.8%,41.7%, ,,,,,
King Kong Bundy,Promoter's Dream,5,2,8.3%,10.8,66.7%,5.641,5.8%,5.7%,1.9%,9.3%,8.3%,41.7%, ,,,,,
Dr. Red Fang,SuperSet '83,5,2,8.3%,10.8,66.7%,5.708,1.9%,7.3%,3.3%,3.7%,16.7%,41.7%, ,,,,,
Honky Tonk Man,SuperSet '87,5,2,11.1%,10.8,66.7%,5.737,5.7%,5.6%,1.9%,9.3%,16.7%,41.7%, ,,,,,
One Man Gang,SuperSet '87,5,1,5.6%,10.8,66.7%,5.771,1.9%,6.5%,0.1%,7.4%,16.7%,27.8%, ,,,,,
Rick Martel,AWA,5,2,8.3%,10.8,58.3%,5.569,0.0%,9.5%,4.9%,6.5%,8.3%,41.7%, ,,,,,
Ron Garvin,SuperSet '85,5,1,5.6%,10.7,69.4%,5.560,0.0%,4.3%,7.7%,5.8%,8.3%,16.7%, ,,,,,
Genichiro Tenryu,SuperSet '89,5,1,5.6%,10.7,69.4%,5.560,0.0%,4.3%,7.7%,5.8%,8.3%,16.7%, ,,,,,
Dusty Rhodes,Deluxe Edition,5,2,11.1%,10.7,66.7%,5.723,0.2%,9.6%,3.7%,7.4%,27.8%,58.3%, ,,,,,
Dusty Rhodes,SuperSet '83,5,2,11.1%,10.7,66.7%,5.723,0.2%,8.3%,0.0%,7.4%,27.8%,58.3%, ,,,,,
Gino Hernandez,SuperSet '85,5,3,13.9%,10.7,66.7%,5.588,4.0%,7.7%,0.0%,7.4%,16.7%,27.8%, ,,,,,
Jim 'The Anvil' Neidhart,SuperSet '85,5,2,11.1%,10.7,66.7%,5.754,3.7%,7.6%,0.0%,9.3%,27.8%,27.8%, ,,,,,
Konga the Barbarian,SuperSet '85,5,2,8.3%,10.7,66.7%,5.724,0.0%,1.9%,4.1%,9.3%,16.7%,16.7%, ,,,,,
Big Bubba Rogers,SuperSet '87,5,2,11.1%,10.7,66.7%,5.546,1.9%,4.6%,4.6%,7.4%,8.3%,27.8%, ,,,,,
Demolition Smash,SuperSet '89,5,3,13.9%,10.7,66.7%,5.588,4.0%,7.7%,0.0%,7.4%,8.3%,27.8%, ,,,,,
Earthquake,SuperSet '89,5,2,8.3%,10.7,66.7%,5.724,0.0%,1.9%,4.1%,9.3%,16.7%,16.7%, ,,,,,
Jim 'The Anvil' Neidhart,SuperSet '89,5,2,11.1%,10.7,66.7%,5.754,3.7%,7.6%,0.0%,9.3%,27.8%,27.8%, ,,,,,
Big John Studd,Deluxe Edition,5,2,11.1%,10.7,63.9%,5.610,1.9%,3.5%,6.6%,8.9%,8.3%,58.3%, ,,,,,
One Man Gang,Deluxe Edition,5,3,13.9%,10.7,63.9%,5.728,1.8%,8.2%,0.0%,7.1%,27.8%,41.7%, ,,,,,
Big John Studd,Promoter's Dream,5,3,13.9%,10.7,63.9%,5.905,1.8%,0.0%,6.4%,7.1%,27.8%,41.7%, ,,,,,
Big John Studd,SuperSet '83,5,2,11.1%,10.7,63.9%,5.610,1.9%,3.5%,6.6%,8.9%,8.3%,58.3%, ,,,,,
Tony Atlas,SuperSet '83,5,2,8.3%,10.7,63.9%,5.755,0.0%,3.5%,4.1%,5.3%,16.7%,27.8%, ,,,,,
Masked Superstar,SuperSet '84,5,1,5.6%,10.7,63.9%,5.681,3.7%,4.1%,0.0%,5.3%,16.7%,27.8%, ,,,,,
Panama Gang,SuperSet '84,5,3,13.9%,10.7,63.9%,5.728,1.8%,8.2%,0.0%,7.1%,27.8%,41.7%, ,,,,,
Manny Fernandez,SuperSet '85,5,2,11.1%,10.7,63.9%,5.619,5.3%,6.6%,0.0%,8.9%,16.7%,27.8%, ,,,,,
Terry Gordy,SuperSet '85,5,3,13.9%,10.7,63.9%,5.597,0.2%,8.4%,0.0%,10.6%,8.3%,41.7%, ,,,,,
Bruiser Brody,SuperSet '86,5,3,13.9%,10.7,63.9%,5.536,11.4%,8.0%,0.0%,8.9%,16.7%,27.8%, ,,,,,
Demolition Ax,SuperSet '89,5,3,13.9%,10.7,63.9%,5.597,0.2%,8.4%,0.0%,10.6%,8.3%,41.7%, ,,,,,
Great Muta,SuperSet '89,5,2,11.1%,10.7,63.9%,5.619,5.3%,6.6%,0.0%,8.9%,16.7%,27.8%, ,,,,,
The Model Rick Martell,SuperSet '90,5,3,13.9%,10.7,63.9%,5.536,11.4%,4.5%,3.5%,8.9%,16.7%,27.8%, ,,,,,
Mr. Wonderful Paul Orndorff,Deluxe Edition,5,2,8.3%,10.6,66.7%,5.567,5.9%,6.2%,0.0%,9.3%,16.7%,58.3%, ,,,,,
Nikolai Volkoff,Deluxe Edition,5,2,11.1%,10.6,66.7%,5.544,4.2%,5.7%,3.8%,9.3%,16.7%,41.7%, ,,,,,
Nikolai Volkoff,SuperSet '84,5,2,11.1%,10.6,66.7%,5.544,4.2%,5.7%,3.8%,9.3%,16.7%,41.7%, ,,,,,
Hercules Hernandez,SuperSet '85,5,2,11.1%,10.6,66.7%,5.626,1.9%,5.6%,1.6%,7.4%,16.7%,27.8%, ,,,,,
Tatsumi Fujinami,SuperSet '89,5,2,11.1%,10.6,66.7%,5.626,1.9%,5.6%,1.6%,7.4%,16.7%,27.8%, ,,,,,
Harley Race,Deluxe Edition,5,3,13.9%,10.6,63.9%,5.552,0.1%,11.5%,3.5%,8.9%,27.8%,58.3%, ,,,,,
Ricky Steamboat,Deluxe Edition,5,3,16.7%,10.6,63.9%,5.750,0.0%,3.8%,5.3%,3.5%,27.8%,72.2%, ,,,,,
Otto Wanz,SuperSet '83,5,2,8.3%,10.6,63.9%,5.636,0.0%,5.4%,0.0%,5.3%,16.7%,27.8%, ,,,,,
Hacksaw Jim Duggan,SuperSet '84,5,2,8.3%,10.6,63.9%,5.721,1.8%,2.5%,3.5%,8.9%,27.8%,58.3%, ,,,,,
Ricky Steamboat,SuperSet '84,5,4,16.7%,10.6,63.9%,5.750,0.0%,3.8%,5.3%,3.5%,27.8%,72.2%, ,,,,,
Harley Race,AWA,5,3,13.9%,10.6,61.1%,5.377,0.1%,11.0%,3.4%,8.5%,8.3%,58.3%, ,,,,,
Dusty Rhodes,Promoter's Dream,5,2,8.3%,10.6,61.1%,5.601,1.7%,5.2%,0.0%,8.5%,16.7%,27.8%, ,,,,,
Iceman King Parsons,SuperSet '84,5,2,11.1%,10.5,66.7%,5.666,0.2%,2.0%,2.0%,7.4%,27.8%,16.7%, ,,,,,
Terry Taylor,SuperSet '85,5,2,8.3%,10.5,66.7%,5.558,0.0%,2.5%,1.9%,7.4%,16.7%,16.7%, ,,,,,
Big Bossman,SuperSet '89,5,2,8.3%,10.5,66.7%,5.558,0.0%,2.5%,1.9%,7.4%,16.7%,16.7%, ,,,,,
Jerry 'King' Lawler,Deluxe Edition,5,3,13.9%,10.5,63.9%,5.467,0.0%,3.5%,10.6%,7.1%,16.7%,41.7%, ,,,,,
Jerry 'King' Lawler,SuperSet '83,5,3,13.9%,10.5,63.9%,5.467,0.0%,3.5%,10.6%,7.1%,16.7%,41.7%, ,,,,,
Blackjack Lanza,SuperSet '84,5,2,11.1%,10.5,63.9%,5.632,0.1%,3.6%,1.9%,7.1%,27.8%,41.7%, ,,,,,
Mr. Wonderful Paul Orndorff,SuperSet '84,5,2,8.3%,10.5,63.9%,5.412,5.6%,6.0%,0.0%,8.9%,16.7%,58.3%, ,,,,,
Rick Martel,SuperSet '83,5,2,8.3%,10.5,58.3%,5.547,0.0%,7.9%,4.9%,6.5%,27.8%,41.7%, ,,,,,
Dr. D David Schultz,Deluxe Edition,5,2,11.1%,10.4,63.9%,5.406,0.6%,3.9%,3.5%,8.9%,16.7%,41.7%, ,,,,,
Hacksaw Butch Reed,Deluxe Edition,5,2,11.1%,10.4,63.9%,5.454,5.3%,5.5%,1.8%,7.1%,27.8%,41.7%, ,,,,,
Tully Blanchard,Deluxe Edition,5,3,13.9%,10.4,63.9%,5.253,7.1%,4.8%,5.3%,8.9%,16.7%,58.3%, ,,,,,
Kerry Von Erich,SuperSet '83,5,2,11.1%,10.4,63.9%,5.521,0.0%,0.7%,2.5%,7.1%,16.7%,27.8%, ,,,,,
Tully Blanchard,SuperSet '83,5,3,13.9%,10.4,63.9%,5.253,7.1%,4.8%,5.3%,8.9%,16.7%,58.3%, ,,,,,
Dr. D David Schultz,SuperSet '84,5,2,11.1%,10.4,63.9%,5.352,0.6%,3.9%,3.5%,8.9%,16.7%,41.7%, ,,,,,
Hacksaw Butch Reed,SuperSet '84,5,2,11.1%,10.4,63.9%,5.454,5.3%,5.5%,1.8%,7.1%,27.8%,41.7%, ,,,,,
Ravishing Rick Rude,SuperSet '86,5,2,11.1%,10.4,55.6%,5.552,0.0%,2.7%,3.1%,6.2%,27.8%,27.8%, ,,,,,
Jushin Liger,SuperSet '90,5,2,11.1%,10.4,55.6%,5.552,0.0%,2.7%,3.1%,6.2%,27.8%,27.8%, ,,,,,
Road Warrior Hawk,Promoter's Dream,4,4,16.7%,10.3,66.7%,6.067,0.3%,12.0%,0.0%,11.1%,8.3%,58.3%, ,,,,,
Magnificent Don Muraco,SuperSet '83,5,2,8.3%,10.3,61.1%,5.470,0.1%,2.2%,5.1%,6.8%,27.8%,72.2%, ,,,,,
Mr. T,SuperSet '85,5,3,13.9%,10.3,61.1%,5.274,0.1%,2.3%,0.0%,10.2%,8.3%,72.2%, ,,,,,
Vader,SuperSet '89,5,3,13.9%,10.3,61.1%,5.274,0.1%,2.3%,0.0%,10.2%,8.3%,72.2%, ,,,,,
Outlaw Ron Bass,SuperSet '84,5,2,8.3%,10.2,66.7%,5.532,0.3%,0.0%,5.6%,7.4%,41.7%,27.8%, ,,,,,
Ivan Koloff,Deluxe Edition,5,2,11.1%,10.2,61.1%,5.340,0.1%,1.9%,7.5%,8.5%,27.8%,27.8%, ,,,,,
Larry Zbyszko,Deluxe Edition,5,3,16.7%,10.2,61.1%,5.386,3.6%,5.1%,2.3%,8.5%,41.7%,72.2%, ,,,,,
Ivan Koloff,SuperSet '83,5,2,11.1%,10.2,61.1%,5.340,0.1%,1.9%,7.5%,8.5%,27.8%,16.7%, ,,,,,
Larry Zbyszko,SuperSet '83,5,3,16.7%,10.2,61.1%,5.386,3.6%,5.1%,2.3%,8.5%,41.7%,72.2%, ,,,,,
Chris Adams,SuperSet '85,5,2,11.1%,10.2,55.6%,5.153,4.6%,3.8%,3.1%,4.6%,16.7%,27.8%, ,,,,,
Riki Choshu,SuperSet '89,5,2,11.1%,10.2,55.6%,5.153,4.6%,3.8%,3.1%,4.6%,16.7%,27.8%, ,,,,,
Nick Bockwinkle,Promoter's Dream,4,2,11.1%,10.1,66.7%,6.030,0.8%,1.9%,3.7%,9.3%,8.3%,27.8%, ,,,,,
Road Warrior Animal,Promoter's Dream,4,4,16.7%,10.1,66.7%,5.959,5.8%,7.8%,0.0%,11.1%,8.3%,58.3%, ,,,,,
Road Warrior Animal,NWA '88,4,3,16.7%,10.1,63.9%,5.863,3.7%,8.3%,5.3%,8.9%,8.3%,58.3%, ,,,,,
Iron Mike Sharpe,SuperSet '83,5,3,13.9%,10.1,63.9%,5.169,3.6%,2.2%,5.3%,7.1%,27.8%,27.8%, ,,,,,
Adrian Adonis,SuperSet '83,5,1,5.6%,10.1,61.1%,5.205,0.0%,3.4%,4.5%,6.8%,27.8%,58.3%, ,,,,,
Iron Shiek,Promoter's Dream,4,3,13.9%,10.0,66.7%,5.920,0.1%,4.7%,7.4%,9.3%,16.7%,41.7%, ,,,,,
Outlaw Ron Bass,Deluxe Edition,5,2,8.3%,10.0,63.9%,5.351,0.3%,0.0%,5.3%,7.1%,41.7%,27.8%, ,,,,,
Road Warrior Hawk,NWA '88,4,3,16.7%,10.0,63.9%,5.821,2.5%,9.9%,3.5%,8.9%,8.3%,58.3%, ,,,,,
Chris Adams,Promoter's Dream,4,2,11.1%,9.9,66.7%,5.904,0.3%,4.5%,0.0%,5.6%,16.7%,27.8%, ,,,,,
Mr. Wonderful Paul Orndorff,Promoter's Dream,4,2,11.1%,9.9,66.7%,5.858,3.8%,5.7%,0.0%,7.4%,16.7%,41.7%, ,,,,,
Harley Race,SuperSet '86,4,2,8.3%,9.9,66.7%,5.836,2.0%,2.5%,5.6%,5.6%,8.3%,16.7%, ,,,,,
El Canek,SuperSet '90,4,2,8.3%,9.9,66.7%,5.836,2.0%,2.5%,5.6%,5.6%,8.3%,16.7%, ,,,,,
Greg 'The Hammer' Valentine,Promoter's Dream,4,3,13.9%,9.9,63.9%,5.802,0.0%,4.9%,4.7%,7.1%,8.3%,58.3%, ,,,,,
Dirty Dick Slater,Deluxe Edition,5,2,11.1%,9.9,61.1%,5.100,5.4%,0.0%,2.4%,8.5%,27.8%,41.7%, ,,,,,
Captain Redneck Dick Murdoch,SuperSet '83,5,2,11.1%,9.9,61.1%,5.043,0.0%,0.9%,5.1%,5.1%,27.8%,27.8%, ,,,,,
Dirty Dick Slater,SuperSet '84,5,2,11.1%,9.9,61.1%,5.100,5.4%,0.0%,2.4%,8.5%,27.8%,41.7%, ,,,,,
Jay Youngblood,SuperSet '84,5,4,13.9%,9.9,61.1%,5.147,0.0%,5.3%,3.4%,5.1%,41.7%,72.2%, ,,,,,
Gino Hernandez,Promoter's Dream,4,2,11.1%,9.8,66.7%,5.794,9.3%,2.8%,0.0%,7.4%,16.7%,27.8%, ,,,,,
Superfly Jimmy Snuka,Promoter's Dream,4,2,8.3%,9.8,66.7%,5.812,0.0%,2.9%,1.9%,7.4%,16.7%,27.8%, ,,,,,
Jake Roberts,SuperSet '86,4,1,8.3%,9.8,66.7%,5.725,4.0%,6.2%,0.2%,5.6%,16.7%,27.8%, ,,,,,
El Gigante,SuperSet '90,4,1,8.3%,9.8,66.7%,5.725,4.0%,6.2%,0.2%,5.6%,16.7%,27.8%, ,,,,,
Ricky Steamboat,Promoter's Dream,4,3,13.9%,9.8,63.9%,5.897,0.0%,8.1%,3.5%,5.3%,27.8%,58.3%, ,,,,,
Pedro Morales,SuperSet '83,4,2,11.1%,9.8,63.9%,5.759,0.0%,5.5%,2.7%,8.9%,16.7%,58.3%, ,,,,,
Dingo Warrior,SuperSet '87,4,2,11.1%,9.8,63.9%,5.688,3.7%,6.1%,5.9%,8.9%,16.7%,16.7%, ,,,,,
Kamala,Deluxe Edition,5,3,13.9%,9.8,61.1%,4.994,5.2%,1.7%,6.8%,8.5%,41.7%,58.3%, ,,,,,
Kamala,SuperSet '83,5,3,13.9%,9.8,61.1%,5.088,5.2%,1.2%,1.2%,8.5%,41.7%,58.3%, ,,,,,
Dory Funk Jr.,AWA,4,2,11.1%,9.7,66.7%,5.726,0.1%,2.8%,5.6%,9.3%,16.7%,41.7%, ,,,,,
Dory Funk Jr.,SuperSet '83,4,2,11.1%,9.7,66.7%,5.726,0.1%,2.7%,5.6%,9.3%,16.7%,58.3%, ,,,,,
Nord the Barbarian,SuperSet '86,4,2,8.3%,9.7,63.9%,5.678,3.8%,2.4%,5.3%,8.9%,16.7%,41.7%, ,,,,,
Mean Mark,SuperSet '90,4,2,8.3%,9.7,63.9%,5.678,3.8%,7.7%,0.0%,8.9%,16.7%,41.7%, ,,,,,
Purple Haze,SuperSet '83,5,3,13.9%,9.7,61.1%,4.613,9.1%,4.3%,1.7%,8.5%,16.7%,58.3%, ,,,,,
Dan Spivey,SuperSet '90,4,2,8.3%,9.6,69.4%,5.639,4.0%,4.7%,0.0%,7.7%,16.7%,27.8%, ,,,,,
Mike Rotunda,NWA '88,4,2,8.3%,9.6,63.9%,5.787,1.8%,1.4%,5.3%,5.3%,27.8%,8.3%, ,,,,,
Nikolai Volkoff,Promoter's Dream,4,3,13.9%,9.6,63.9%,5.527,3.6%,5.3%,5.4%,7.1%,16.7%,41.7%, ,,,,,
Harley Race,SuperSet '83,4,3,13.9%,9.6,63.9%,5.552,0.1%,10.1%,3.5%,8.9%,27.8%,58.3%, ,,,,,
Scott Hall,SuperSet '86,4,4,16.7%,9.6,63.9%,5.722,1.8%,1.9%,0.0%,5.3%,16.7%,58.3%, ,,,,,
The British Bulldog,SuperSet '90,4,4,16.7%,9.6,63.9%,5.722,1.8%,1.9%,0.0%,5.3%,16.7%,58.3%, ,,,,,
Bobby Eaton,SuperSet '87,4,4,13.9%,9.5,69.4%,5.569,1.9%,7.9%,0.0%,9.6%,27.8%,41.7%, ,,,,,
Stan Lane,SuperSet '87,4,4,13.9%,9.5,69.4%,5.583,1.9%,6.0%,0.0%,9.6%,27.8%,41.7%, ,,,,,
Rowdy Roddy Piper,Deluxe Edition,4,2,11.1%,9.5,66.7%,5.640,0.1%,5.7%,2.5%,3.7%,27.8%,72.2%, ,,,,,
Abdullah the Butcher,Promoter's Dream,4,1,5.6%,9.5,66.7%,5.638,2.4%,5.6%,0.0%,9.3%,27.8%,58.3%, ,,,,,
Mike Von Erich,SuperSet '85,4,4,16.7%,9.5,66.7%,5.652,0.0%,4.0%,2.5%,5.6%,27.8%,41.7%, ,,,,,
Scott Steiner,SuperSet '89,4,4,16.7%,9.5,66.7%,5.652,0.0%,6.5%,0.0%,5.6%,27.8%,41.7%, ,,,,,
Blackjack Lanza,AWA,4,2,11.1%,9.5,63.9%,5.623,0.1%,5.5%,0.0%,7.1%,27.8%,27.8%, ,,,,,
Tully Blanchard,Promoter's Dream,4,3,13.9%,9.5,63.9%,5.714,0.0%,1.4%,0.0%,8.9%,27.8%,58.3%, ,,,,,
Billy Robinson,AWA,4,2,8.3%,9.5,61.1%,5.589,0.0%,2.3%,3.4%,3.4%,16.7%,27.8%, ,,,,,
Rocky Johnson,Deluxe Edition,4,2,11.1%,9.5,61.1%,5.509,0.0%,3.5%,3.4%,6.8%,16.7%,27.8%, ,,,,,
Konga the Barbarian,NWA '88,4,3,13.9%,9.5,61.1%,5.491,3.5%,5.1%,1.7%,8.5%,16.7%,41.7%, ,,,,,
Rocky Johnson,SuperSet '83,4,2,11.1%,9.5,61.1%,5.509,0.0%,3.5%,3.4%,6.8%,16.7%,27.8%, ,,,,,
Chris Champion,SuperSet '87,4,3,16.7%,9.4,69.4%,5.561,3.9%,4.0%,0.0%,7.7%,27.8%,41.7%, ,,,,,
Sean Royal,SuperSet '87,4,3,16.7%,9.4,69.4%,5.513,3.9%,4.1%,3.9%,7.7%,27.8%,41.7%, ,,,,,
Larry Zybysco,Promoter's Dream,4,3,13.9%,9.4,66.7%,5.440,6.0%,1.9%,1.9%,9.3%,16.7%,27.8%, ,,,,,
Ken Patera,SuperSet '87,4,2,8.3%,9.4,66.7%,5.423,0.1%,2.8%,1.0%,9.3%,16.7%,16.7%, ,,,,,
Greg Gagne,AWA,4,3,13.9%,9.4,63.9%,5.473,0.0%,2.5%,2.1%,5.3%,16.7%,58.3%, ,,,,,
Ray 'The Crippler' Stevens,AWA,4,3,16.7%,9.4,63.9%,5.442,3.8%,6.0%,0.0%,10.6%,27.8%,72.2%, ,,,,,
Ray 'The Crippler' Stevens,SuperSet '83,4,4,16.7%,9.4,63.9%,5.442,3.8%,6.0%,0.0%,10.6%,27.8%,72.2%, ,,,,,
Brutus Beefcake,SuperSet '85,4,3,13.9%,9.4,63.9%,5.521,3.5%,5.4%,0.0%,8.9%,27.8%,41.7%, ,,,,,
Ravishing Rick Rude,SuperSet '85,4,2,8.3%,9.4,63.9%,5.410,3.7%,1.8%,0.0%,7.1%,16.7%,16.7%, ,,,,,
Kevin Sullivan,SuperSet '86,4,1,13.9%,9.4,63.9%,5.476,3.5%,7.5%,0.0%,10.6%,27.8%,58.3%, ,,,,,
Bret 'The Hitman' Hart,SuperSet '89,4,3,13.9%,9.4,63.9%,5.521,3.5%,5.4%,0.0%,8.9%,27.8%,41.7%, ,,,,,
King Haku,SuperSet '89,4,2,8.3%,9.4,63.9%,5.410,3.7%,1.8%,0.0%,7.1%,16.7%,16.7%, ,,,,,
Rick Steiner,SuperSet '89,4,3,13.9%,9.4,63.9%,5.526,0.0%,3.9%,0.0%,5.3%,27.8%,27.8%, ,,,,,
Bam Bam Bigelow,SuperSet '90,4,1,13.9%,9.4,63.9%,5.476,3.5%,7.5%,0.0%,10.6%,27.8%,58.3%, ,,,,,
Barry Windham,NWA '88,4,2,8.3%,9.4,61.1%,5.400,0.0%,3.7%,3.4%,6.8%,16.7%,8.3%, ,,,,,
Steve Williams,NWA '88,4,1,5.6%,9.4,61.1%,5.476,0.2%,4.1%,1.7%,6.8%,16.7%,16.7%, ,,,,,
Warlord,NWA '88,4,3,13.9%,9.4,58.3%,5.311,2.2%,6.8%,1.6%,8.1%,16.7%,41.7%, ,,,,,
Dick the Bruiser,AWA,4,2,8.3%,9.3,63.9%,5.354,4.1%,5.3%,0.0%,5.3%,27.8%,41.7%, ,,,,,
The Spoiler,Deluxe Edition,4,2,8.3%,9.3,63.9%,5.345,5.3%,2.7%,4.9%,7.1%,27.8%,41.7%, ,,,,,
Mark Youngblood,SuperSet '85,4,3,13.9%,9.3,63.9%,5.526,0.0%,2.9%,0.0%,5.3%,27.8%,27.8%, ,,,,,
Tully Blanchard,NWA '88,4,2,8.3%,9.3,61.1%,5.460,3.7%,1.2%,1.8%,6.8%,27.8%,27.8%, ,,,,,
Ken Patera,SuperSet '83,4,3,13.9%,9.3,61.1%,5.458,0.0%,0.0%,5.7%,6.8%,27.8%,58.3%, ,,,,,
Mike Rotunda,SuperSet '84,4,2,11.1%,9.3,61.1%,5.608,0.0%,2.0%,5.1%,1.7%,41.7%,16.7%, ,,,,,
Hillbilly Jim,SuperSet '85,4,1,5.6%,9.3,61.1%,5.291,0.0%,5.1%,1.2%,3.4%,16.7%,16.7%, ,,,,,
Zeus,SuperSet '89,4,1,5.6%,9.3,61.1%,5.291,0.0%,5.1%,1.2%,3.4%,16.7%,16.7%, ,,,,,
Ivan Putski,Deluxe Edition,4,2,8.3%,9.3,58.3%,5.357,0.0%,2.2%,0.1%,3.2%,16.7%,41.7%, ,,,,,
Arn Anderson,NWA '88,4,3,13.9%,9.2,63.9%,5.400,0.1%,2.0%,1.8%,7.1%,27.8%,41.7%, ,,,,,
Cowboy Bob Orton,SuperSet '83,4,2,11.1%,9.2,63.9%,5.297,0.0%,1.8%,7.2%,7.1%,27.8%,41.7%, ,,,,,
Steve Kiern,AWA,4,3,16.7%,9.2,61.1%,5.408,0.0%,1.8%,3.4%,3.4%,27.8%,58.3%, ,,,,,
Arn Anderson,SuperSet '85,4,2,11.1%,9.2,61.1%,5.250,0.0%,2.0%,1.7%,6.8%,16.7%,27.8%, ,,,,,
Akeem,SuperSet '89,4,2,11.1%,9.2,61.1%,5.250,0.0%,2.0%,1.7%,6.8%,16.7%,27.8%, ,,,,,
Boris Zhukov,SuperSet '87,4,2,11.1%,9.1,66.7%,5.297,5.7%,0.6%,8.0%,11.1%,41.7%,41.7%, ,,,,,
Koko B. Ware,SuperSet '87,4,2,8.3%,9.1,66.7%,5.338,0.0%,1.9%,0.0%,3.7%,27.8%,8.3%, ,,,,,
Mr. Saito,AWA,4,3,13.9%,9.1,61.1%,5.375,0.1%,1.7%,4.2%,8.5%,41.7%,58.3%, ,,,,,
Adrian Adonis,Deluxe Edition,4,1,5.6%,9.1,61.1%,5.205,0.0%,3.4%,4.5%,6.8%,27.8%,58.3%, ,,,,,
Jesse 'The Body' Ventura,Deluxe Edition,4,1,5.6%,9.1,61.1%,5.225,0.0%,1.7%,5.8%,5.1%,27.8%,41.7%, ,,,,,
Jesse 'The Body' Ventura,SuperSet '83,4,1,5.6%,9.1,61.1%,5.225,0.0%,1.7%,5.8%,5.1%,27.8%,41.7%, ,,,,,
Kevin Sullivan,SuperSet '83,4,3,16.7%,9.1,61.1%,5.241,3.6%,1.8%,1.7%,6.8%,27.8%,72.2%, ,,,,,
Killer Brooks,SuperSet '83,4,2,8.3%,9.1,61.1%,5.277,0.0%,2.6%,0.0%,6.8%,27.8%,41.7%, ,,,,,
Boogie Woogie Man Jimmy Valiant,SuperSet '84,4,2,8.3%,9.1,61.1%,5.284,3.4%,0.2%,2.4%,5.1%,27.8%,27.8%, ,,,,,
Mr. Saito,SuperSet '84,4,3,13.9%,9.1,61.1%,5.415,0.1%,1.7%,4.1%,8.5%,41.7%,58.3%, ,,,,,
Flyin' Brian,SuperSet '89,4,2,8.3%,9.1,61.1%,5.157,0.0%,2.7%,3.4%,0.3%,16.7%,16.7%, ,,,,,
Stan Lane,AWA,4,4,16.7%,9.1,58.3%,5.290,0.0%,5.6%,0.0%,4.9%,27.8%,58.3%, ,,,,,
Jack Brisco,Deluxe Edition,4,3,13.9%,9.1,58.3%,5.184,0.0%,1.7%,5.0%,6.5%,16.7%,41.7%, ,,,,,
Jack Brisco,SuperSet '83,4,3,13.9%,9.1,58.3%,5.184,0.0%,1.7%,5.0%,6.5%,16.7%,41.7%, ,,,,,
Hot Stuff Eddie Gilbert,SuperSet '85,4,2,8.3%,9.0,63.9%,4.987,5.5%,1.3%,1.8%,8.9%,16.7%,27.8%, ,,,,,
B. Brian Blair,SuperSet '84,4,2,8.3%,9.0,61.1%,5.323,0.0%,2.6%,0.0%,0.0%,41.7%,27.8%, ,,,,,
Kendo Nagasaki,SuperSet '84,4,2,11.1%,9.0,61.1%,5.145,2.0%,2.5%,3.4%,5.1%,27.8%,41.7%, ,,,,,
Krusher Khrushchev,SuperSet '84,4,2,8.3%,9.0,61.1%,5.073,3.6%,6.9%,0.0%,8.5%,27.8%,27.8%, ,,,,,
Buzz Tyler,SuperSet '85,4,2,11.1%,9.0,61.1%,5.127,0.0%,0.9%,3.4%,6.8%,16.7%,27.8%, ,,,,,
Jesse Barr,SuperSet '85,4,1,5.6%,9.0,61.1%,5.172,3.4%,1.9%,1.1%,5.1%,27.8%,27.8%, ,,,,,
Bad News Brown,SuperSet '89,4,2,11.1%,9.0,61.1%,5.127,0.0%,0.9%,3.4%,6.8%,16.7%,27.8%, ,,,,,
Ted DiBiase,SuperSet '89,4,1,5.6%,9.0,61.1%,5.172,3.4%,1.9%,1.1%,5.1%,27.8%,27.8%, ,,,,,
Jumpin' Jim Brunzell,AWA,4,3,13.9%,9.0,58.3%,5.209,0.0%,1.9%,5.3%,3.2%,27.8%,58.3%, ,,,,,
Barry Windham,SuperSet '83,4,2,8.3%,9.0,58.3%,5.155,0.0%,2.0%,0.0%,3.2%,16.7%,27.8%, ,,,,,
Spike Huber,SuperSet '84,4,2,8.3%,9.0,58.3%,5.306,0.0%,3.3%,0.0%,0.0%,41.7%,41.7%, ,,,,,
Kevin Von Erich,Promoter's Dream,3,4,16.7%,8.9,69.4%,5.891,0.2%,4.0%,5.2%,11.6%,16.7%,41.7%, ,,,,,
Bugsy McGraw,SuperSet '84,4,2,11.1%,8.9,63.9%,5.167,3.6%,2.0%,0.0%,7.1%,41.7%,27.8%, ,,,,,
Jake 'The Snake' Roberts,SuperSet '84,4,2,8.3%,8.9,63.9%,5.172,5.5%,5.3%,0.0%,5.3%,41.7%,58.3%, ,,,,,
Cactus Jack,SuperSet '89,4,2,8.3%,8.9,63.9%,4.987,5.5%,1.3%,0.0%,8.9%,16.7%,27.8%, ,,,,,
Baron Von Raschke,Deluxe Edition,4,1,5.6%,8.9,61.1%,5.039,5.3%,1.8%,1.9%,3.4%,27.8%,27.8%, ,,,,,
Captain Redneck Dick Murdoch,Deluxe Edition,4,2,11.1%,8.9,61.1%,5.043,0.0%,0.9%,5.1%,5.1%,27.8%,27.8%, ,,,,,
Baron Von Raschke,SuperSet '84,4,1,5.6%,8.9,61.1%,5.039,5.3%,1.8%,1.9%,3.4%,27.8%,27.8%, ,,,,,
The Spoiler,SuperSet '84,4,2,8.3%,8.9,61.1%,5.006,5.1%,2.6%,4.7%,6.8%,27.8%,41.7%, ,,,,,
Stan Hansen,SuperSet '85,4,1,5.6%,8.9,61.1%,5.056,0.0%,6.1%,0.0%,6.8%,27.8%,16.7%, ,,,,,
Blue Blazer,SuperSet '89,4,1,5.6%,8.9,61.1%,5.056,0.0%,6.1%,0.0%,6.8%,27.8%,16.7%, ,,,,,
Mad Dog Vachon,SuperSet '83,4,2,8.3%,8.9,58.3%,5.082,0.1%,0.8%,3.3%,6.5%,27.8%,58.3%, ,,,,,
Black Bart,SuperSet '85,4,2,8.3%,8.9,58.3%,5.109,0.4%,2.7%,0.0%,4.9%,27.8%,27.8%, ,,,,,
Jerry Brisco,SuperSet '85,4,3,16.7%,8.9,58.3%,5.085,0.0%,0.1%,3.2%,3.2%,27.8%,41.7%, ,,,,,
Red Rooster,SuperSet '89,4,3,16.7%,8.9,58.3%,5.085,0.0%,0.1%,3.2%,3.2%,27.8%,41.7%, ,,,,,
Terry Funk,Deluxe Edition,4,3,13.9%,8.9,55.6%,5.107,0.1%,2.3%,3.1%,7.7%,27.8%,16.7%, ,,,,,
Terry Funk,SuperSet '83,4,3,13.9%,8.9,55.6%,5.107,0.1%,2.3%,3.1%,7.7%,27.8%,58.3%, ,,,,,
Terry Funk,Promoter's Dream,3,2,11.1%,8.8,72.2%,6.049,0.1%,3.0%,6.0%,10.0%,41.7%,27.8%, ,,,,,
Mad Dog Vachon,Deluxe Edition,4,2,8.3%,8.8,58.3%,5.035,0.1%,0.8%,3.3%,6.5%,27.8%,27.8%, ,,,,,
Dr. D David Schultz,Promoter's Dream,3,2,8.3%,8.7,63.9%,5.573,7.2%,5.4%,0.0%,8.9%,8.3%,27.8%, ,,,,,
Terry Gordy,Promoter's Dream,3,3,13.9%,8.7,63.9%,5.682,4.0%,3.1%,0.0%,8.9%,16.7%,58.3%, ,,,,,
Hillbilly Jim,Promoter's Dream,3,1,5.6%,8.7,61.1%,5.674,0.0%,6.4%,0.0%,3.4%,16.7%,16.7%, ,,,,,
Wahoo McDaniel,SuperSet '83,4,3,13.9%,8.7,61.1%,5.098,0.0%,0.9%,1.7%,3.4%,41.7%,41.7%, ,,,,,
Pistol Pez Whatley,SuperSet '84,4,2,5.6%,8.7,61.1%,5.022,0.0%,6.3%,0.0%,3.4%,41.7%,27.8%, ,,,,,
Crusher Blackwell,AWA,4,2,8.3%,8.7,55.6%,4.870,0.0%,5.3%,0.0%,6.2%,27.8%,41.7%, ,,,,,
Mike Rotunda,Promoter's Dream,3,4,16.7%,8.6,63.9%,5.682,0.0%,5.5%,0.0%,3.5%,16.7%,41.7%, ,,,,,
Buzz Sawyer,Deluxe Edition,4,2,11.1%,8.6,61.1%,4.811,0.0%,1.1%,3.5%,8.5%,27.8%,58.3%, ,,,,,
Mr. Wrestling II,Deluxe Edition,4,1,5.6%,8.6,61.1%,4.823,0.0%,1.2%,1.7%,3.4%,27.8%,27.8%, ,,,,,
Buzz Sawyer,SuperSet '83,4,2,11.1%,8.6,61.1%,4.811,0.0%,1.1%,3.5%,8.5%,27.8%,58.3%, ,,,,,
Mr. Wrestling II,SuperSet '83,4,1,5.6%,8.6,61.1%,4.823,0.0%,1.2%,1.7%,3.4%,27.8%,27.8%, ,,,,,
The Destroyer,SuperSet '85,4,1,5.6%,8.6,58.3%,4.857,3.2%,0.8%,4.9%,3.2%,41.7%,16.7%, ,,,,,
Virgil,SuperSet '89,4,1,5.6%,8.6,58.3%,4.857,3.2%,0.8%,4.9%,3.2%,41.7%,16.7%, ,,,,,
Barry Windham,Promoter's Dream,3,3,13.9%,8.5,63.9%,5.486,0.0%,5.8%,0.0%,3.5%,16.7%,41.7%, ,,,,,
Wild Samoan Sika,Promoter's Dream,3,4,16.7%,8.5,63.9%,5.525,0.1%,2.5%,1.8%,7.1%,16.7%,58.3%, ,,,,,
B. Brian Blair,SuperSet '87,3,4,16.7%,8.5,63.9%,5.501,0.1%,4.8%,0.0%,5.3%,16.7%,27.8%, ,,,,,
Baron Von Raschke,Promoter's Dream,3,2,11.1%,8.5,61.1%,5.670,0.0%,1.7%,2.4%,6.8%,27.8%,27.8%, ,,,,,
Wild Samoan Afa,Promoter's Dream,3,4,16.7%,8.5,61.1%,5.580,0.1%,2.4%,3.4%,6.8%,16.7%,58.3%, ,,,,,
Great Kabuki,SuperSet '84,4,2,8.3%,8.5,58.3%,4.923,4.9%,3.9%,3.2%,4.9%,58.3%,27.8%, ,,,,,
Cowboy Scott Casey,SuperSet '84,4,1,5.6%,8.5,55.6%,4.729,0.1%,1.6%,2.1%,4.6%,27.8%,16.7%, ,,,,,
Gorgeous Jimmy Garvin,SuperSet '86,3,3,13.9%,8.4,69.4%,5.495,4.2%,2.6%,3.9%,9.6%,27.8%,41.7%, ,,,,,
Sato,SuperSet '90,3,3,13.9%,8.4,69.4%,5.495,4.2%,2.6%,0.0%,9.6%,27.8%,41.7%, ,,,,,
Freebird Michael Hayes,Promoter's Dream,3,4,16.7%,8.4,66.7%,5.431,4.3%,1.9%,1.9%,11.1%,16.7%,58.3%, ,,,,,
Junkyard Dog,Promoter's Dream,3,1,5.6%,8.4,63.9%,5.689,0.0%,2.5%,0.0%,7.1%,41.7%,27.8%, ,,,,,
Ray 'The Crippler' Stevens,Promoter's Dream,3,2,11.1%,8.4,63.9%,5.442,3.8%,6.0%,0.0%,10.6%,27.8%,41.7%, ,,,,,
Bill Irwin,SuperSet '86,3,3,13.9%,8.4,63.9%,5.530,3.8%,3.7%,0.0%,5.3%,27.8%,58.3%, ,,,,,
Bobby Eaton,SuperSet '86,3,4,16.7%,8.4,63.9%,5.596,0.0%,1.4%,1.8%,3.5%,27.8%,58.3%, ,,,,,
Jumpin' Jim Brunzell,SuperSet '87,3,4,16.7%,8.4,63.9%,5.446,0.0%,4.9%,0.0%,5.3%,16.7%,27.8%, ,,,,,
Paul Roma,SuperSet '90,3,2,8.3%,8.4,63.9%,5.482,3.6%,3.7%,0.0%,7.1%,27.8%,27.8%, ,,,,,
Samu,SuperSet '90,3,4,16.7%,8.4,63.9%,5.596,0.0%,1.4%,1.8%,3.5%,27.8%,58.3%, ,,,,,
Wayne Bloom,SuperSet '90,3,3,13.9%,8.4,63.9%,5.530,3.8%,3.7%,0.0%,5.3%,27.8%,58.3%, ,,,,,
Ernie Ladd,SuperSet '83,4,1,5.6%,8.4,61.1%,4.694,5.3%,1.7%,3.4%,6.8%,41.7%,41.7%, ,,,,,
Bob Armstrong,SuperSet '83,4,1,5.6%,8.4,58.3%,4.732,0.2%,1.1%,0.0%,3.2%,41.7%,27.8%, ,,,,,
Turk,SuperSet '83,4,1,5.6%,8.4,58.3%,4.656,0.0%,0.0%,4.9%,3.2%,27.8%,27.8%, ,,,,,
Greg Gagne,SuperSet '83,4,3,13.9%,8.4,55.6%,4.709,0.0%,2.2%,2.4%,4.6%,41.7%,58.3%, ,,,,,
George 'The Animal' Steele,Promoter's Dream,3,1,2.8%,8.3,66.7%,5.221,9.4%,1.9%,1.3%,11.1%,16.7%,8.3%, ,,,,,
Superstar Destroyer,SuperSet '83,3,2,8.3%,8.3,66.7%,5.467,0.1%,3.1%,0.0%,3.7%,27.8%,41.7%, ,,,,,
Kamala,Promoter's Dream,3,1,5.6%,8.3,63.9%,5.509,8.9%,2.5%,3.5%,8.9%,41.7%,27.8%, ,,,,,
Adrian Adonis,SuperSet '86,3,3,13.9%,8.3,63.9%,5.569,3.5%,1.3%,1.8%,7.1%,41.7%,41.7%, ,,,,,
Corporal Kirchner,SuperSet '86,3,2,8.3%,8.3,63.9%,5.482,3.6%,1.8%,1.9%,7.1%,27.8%,27.8%, ,,,,,
Scott Irwin,SuperSet '86,3,3,13.9%,8.3,63.9%,5.484,3.5%,3.9%,0.0%,5.3%,27.8%,58.3%, ,,,,,
Mike Enos,SuperSet '90,3,3,13.9%,8.3,63.9%,5.484,3.5%,3.9%,0.0%,5.3%,27.8%,58.3%, ,,,,,
El Santo Negro,SuperSet '83,4,1,5.6%,8.3,58.3%,4.496,0.0%,3.8%,8.1%,4.9%,41.7%,27.8%, ,,,,,
Ivan Putski,SuperSet '83,3,2,8.3%,8.3,58.3%,5.357,0.0%,2.2%,0.1%,3.2%,16.7%,41.7%, ,,,,,
Kim Duk,Promoter's Dream,3,1,5.6%,8.2,63.9%,5.377,1.8%,4.5%,0.2%,7.1%,27.8%,27.8%, ,,,,,
Tanaka,SuperSet '90,3,3,13.9%,8.2,63.9%,5.569,3.5%,1.3%,0.0%,7.1%,41.7%,41.7%, ,,,,,
Gorgeous Jimmy Garvin,NWA '88,3,1,5.6%,8.2,61.1%,5.341,0.2%,6.3%,0.0%,5.1%,27.8%,27.8%, ,,,,,
Dennis Condrey,SuperSet '86,3,4,16.7%,8.2,61.1%,5.391,0.0%,3.5%,0.0%,3.4%,27.8%,58.3%, ,,,,,
Fatu,SuperSet '90,3,4,16.7%,8.2,61.1%,5.391,0.0%,3.5%,0.0%,3.4%,27.8%,58.3%, ,,,,,
Kendo Nagasaki,Promoter's Dream,3,2,8.3%,8.1,63.9%,5.329,3.5%,1.2%,0.0%,5.3%,27.8%,16.7%, ,,,,,
Dino Bravo,SuperSet '87,3,4,13.9%,8.1,63.9%,5.416,0.0%,4.8%,0.0%,7.1%,41.7%,27.8%, ,,,,,
Dutch Mantell,SuperSet '87,3,3,13.9%,8.1,63.9%,5.314,0.0%,7.1%,0.0%,7.1%,41.7%,41.7%, ,,,,,
Stan Lane,NWA '88,3,3,13.9%,8.1,58.3%,5.379,0.0%,2.2%,6.5%,3.2%,41.7%,41.7%, ,,,,,
Dick the Bruiser,SuperSet '83,3,2,8.3%,8.1,58.3%,5.389,0.2%,2.7%,0.0%,6.5%,41.7%,58.3%, ,,,,,
Ron Garvin,SuperSet '87,3,2,8.3%,8.0,66.7%,5.151,3.7%,2.6%,5.6%,5.6%,27.8%,8.3%, ,,,,,
Bobby Jaggers,SuperSet '87,3,3,13.9%,8.0,63.9%,5.298,3.6%,3.5%,0.0%,7.1%,41.7%,41.7%, ,,,,,
Super Ninja,SuperSet '87,3,2,8.3%,8.0,63.9%,5.336,1.8%,1.0%,0.9%,8.9%,41.7%,27.8%, ,,,,,
Larry Zbyszko,AWA,3,3,16.7%,8.0,61.1%,5.211,3.6%,0.3%,1.1%,8.5%,27.8%,41.7%, ,,,,,
Rowdy Roddy Piper,SuperSet '83,3,2,11.1%,8.0,61.1%,5.171,0.1%,5.2%,2.3%,3.4%,27.8%,72.2%, ,,,,,
Ted DiBiase,SuperSet '83,3,3,13.9%,8.0,61.1%,5.288,0.3%,0.1%,4.0%,8.5%,41.7%,58.3%, ,,,,,
Buddy Roberts,SuperSet '85,3,3,13.9%,8.0,61.1%,5.066,7.2%,2.6%,0.8%,8.5%,27.8%,58.3%, ,,,,,
Gorgeous Jimmy Garvin,SuperSet '89,3,4,13.9%,8.0,61.1%,5.066,7.2%,3.4%,0.0%,8.5%,27.8%,58.3%, ,,,,,
Sheik Adnan Al-Kaissie,SuperSet '87,3,1,5.6%,7.9,66.7%,5.324,2.2%,1.2%,3.8%,11.1%,58.3%,58.3%, ,,,,,
Ted DiBiase,Deluxe Edition,3,3,13.9%,7.9,61.1%,5.288,0.3%,0.1%,2.3%,8.5%,41.7%,58.3%, ,,,,,
Wildfire Tommy Rich,Deluxe Edition,3,3,13.9%,7.9,61.1%,5.214,0.0%,2.6%,0.9%,5.1%,41.7%,41.7%, ,,,,,
Playboy Buddy Rose,SuperSet '83,3,2,11.1%,7.9,61.1%,5.191,3.5%,1.9%,0.0%,8.5%,41.7%,58.3%, ,,,,,
Wildfire Tommy Rich,SuperSet '83,3,3,13.9%,7.9,61.1%,5.214,0.0%,2.6%,0.9%,5.1%,41.7%,41.7%, ,,,,,
Colonel DeBeers,SuperSet '86,3,1,11.1%,7.9,61.1%,5.349,0.2%,2.5%,0.8%,5.1%,58.3%,58.3%, ,,,,,
Al Perez,SuperSet '90,3,1,11.1%,7.9,61.1%,5.342,0.0%,3.4%,0.0%,5.1%,58.3%,58.3%, ,,,,,
Bobby Eaton,NWA '88,3,3,13.9%,7.9,58.3%,5.132,4.9%,4.5%,0.0%,4.9%,41.7%,41.7%, ,,,,,
Jacques Rougeau,SuperSet '89,3,3,16.7%,7.9,58.3%,5.109,0.4%,2.7%,0.0%,4.9%,27.8%,27.8%, ,,,,,
Terry Funk,AWA,3,3,13.9%,7.9,55.6%,5.107,0.1%,1.2%,0.0%,7.7%,27.8%,41.7%, ,,,,,
Abdullah the Butcher,Deluxe Edition,3,1,2.8%,7.8,61.1%,5.064,3.7%,4.5%,0.0%,8.5%,41.7%,72.2%, ,,,,,
Jumpin' Jim Brunzell,SuperSet '83,3,3,13.9%,7.8,58.3%,5.004,0.0%,1.0%,5.3%,3.2%,27.8%,58.3%, ,,,,,
Otto Wanz,AWA,3,2,8.3%,7.8,55.6%,5.048,0.0%,0.9%,0.0%,4.6%,27.8%,27.8%, ,,,,,
Wahoo McDaniel,AWA,3,2,11.1%,7.7,61.1%,5.053,0.0%,1.0%,1.8%,3.4%,41.7%,41.7%, ,,,,,
Blackjack Mulligan,SuperSet '83,3,2,11.1%,7.7,55.6%,4.871,0.1%,1.1%,1.3%,7.7%,27.8%,72.2%, ,,,,,
Crusher Blackwell,SuperSet '83,3,2,8.3%,7.7,55.6%,4.844,0.0%,4.2%,0.0%,6.2%,27.8%,41.7%, ,,,,,
Wahoo McDaniel,Promoter's Dream,2,2,11.1%,7.6,75.0%,5.916,0.0%,1.2%,2.2%,4.2%,41.7%,27.8%, ,,,,,
Curt Hennig,AWA,3,2,8.3%,7.6,58.3%,4.939,0.0%,1.2%,0.0%,4.9%,41.7%,16.7%, ,,,,,
Gorgeous Jimmy Garvin,Deluxe Edition,3,2,8.3%,7.6,58.3%,4.875,3.5%,0.9%,3.2%,1.6%,41.7%,41.7%, ,,,,,
Abdullah the Butcher,SuperSet '83,3,1,2.8%,7.6,58.3%,4.849,3.4%,4.3%,0.0%,8.1%,41.7%,72.2%, ,,,,,
Gorgeous Jimmy Garvin,SuperSet '84,3,2,8.3%,7.6,58.3%,4.875,3.5%,0.9%,3.2%,1.6%,41.7%,41.7%, ,,,,,
The Missing Link,SuperSet '84,3,1,5.6%,7.6,58.3%,4.906,4.1%,1.7%,0.0%,6.5%,41.7%,41.7%, ,,,,,
Freebird Michael Hayes,Deluxe Edition,3,3,16.7%,7.5,58.3%,4.916,6.5%,5.4%,0.0%,8.1%,58.3%,58.3%, ,,,,,
Freebird Michael Hayes,SuperSet '84,3,4,16.7%,7.5,58.3%,4.916,6.5%,5.4%,0.0%,8.1%,58.3%,58.3%, ,,,,,
Mark Youngblood,SuperSet '86,2,2,8.3%,7.4,63.9%,5.623,0.0%,1.3%,1.8%,5.3%,27.8%,27.8%, ,,,,,
Marty Jannetty,SuperSet '86,2,4,16.7%,7.4,63.9%,5.536,0.0%,5.4%,0.0%,3.5%,27.8%,58.3%, ,,,,,
Nasty Boy Knobbs,SuperSet '90,2,4,16.7%,7.4,63.9%,5.536,0.0%,5.4%,0.0%,3.5%,27.8%,58.3%, ,,,,,
Shane Douglas,SuperSet '90,2,2,8.3%,7.4,63.9%,5.623,0.0%,3.1%,0.0%,5.3%,27.8%,27.8%, ,,,,,
Steve Olsonoski,AWA,3,2,11.1%,7.4,61.1%,4.757,0.0%,1.1%,0.0%,5.1%,41.7%,27.8%, ,,,,,
Moondog Rex,SuperSet '85,3,2,11.1%,7.4,61.1%,4.746,1.7%,1.0%,0.0%,6.8%,41.7%,41.7%, ,,,,,
Bushwhacker Luke,SuperSet '89,3,2,11.1%,7.4,61.1%,4.746,1.7%,1.0%,0.0%,6.8%,41.7%,41.7%, ,,,,,
Steve Regal - Mr. Electricity,AWA,3,2,11.1%,7.4,58.3%,4.701,0.5%,2.2%,0.0%,6.5%,41.7%,41.7%, ,,,,,
Tony Garea,SuperSet '83,3,2,5.6%,7.4,55.6%,4.686,0.0%,4.2%,0.0%,4.6%,41.7%,41.7%, ,,,,,
Davey Boy Smith,Promoter's Dream,2,4,16.7%,7.3,61.1%,5.409,0.0%,2.3%,0.0%,3.4%,16.7%,41.7%, ,,,,,
Steve Kiern,Promoter's Dream,2,3,13.9%,7.3,61.1%,5.458,0.0%,5.8%,0.0%,5.1%,27.8%,41.7%, ,,,,,
Moondog Spot,SuperSet '85,3,2,11.1%,7.3,61.1%,4.627,6.9%,1.0%,0.0%,3.4%,41.7%,41.7%, ,,,,,
Uncle Elmer,SuperSet '86,2,3,13.9%,7.3,61.1%,5.274,3.6%,0.9%,5.1%,8.5%,16.7%,41.7%, ,,,,,
Bushwhacker Butch,SuperSet '89,3,2,11.1%,7.3,61.1%,4.627,6.9%,1.0%,0.0%,3.4%,41.7%,41.7%, ,,,,,
Buddy Landell,SuperSet '90,2,3,13.9%,7.3,61.1%,5.274,3.6%,0.9%,5.1%,8.5%,16.7%,41.7%, ,,,,,
Wild Samoan Sika,Deluxe Edition,3,4,16.7%,7.3,58.3%,4.412,3.3%,1.7%,8.3%,6.5%,27.8%,83.3%, ,,,,,
Kevin Sullivan,NWA '88,3,2,8.3%,7.3,52.8%,4.638,3.5%,1.6%,1.5%,7.3%,41.7%,27.8%, ,,,,,
Robert Gibson,Promoter's Dream,2,4,16.7%,7.2,61.1%,5.296,0.0%,2.4%,0.0%,5.1%,16.7%,41.7%, ,,,,,
Stan Lane,Promoter's Dream,2,3,13.9%,7.2,61.1%,5.383,0.0%,1.8%,3.4%,3.4%,27.8%,27.8%, ,,,,,
Shawn Michaels,SuperSet '86,2,4,16.7%,7.2,61.1%,5.411,0.0%,4.4%,0.0%,3.4%,27.8%,58.3%, ,,,,,
Nasty Boys Sags,SuperSet '90,2,4,16.7%,7.2,61.1%,5.411,0.0%,4.4%,0.0%,3.4%,27.8%,58.3%, ,,,,,
Mr. Pogo,SuperSet '85,3,1,2.8%,7.2,55.6%,4.544,0.1%,0.6%,1.5%,3.1%,41.7%,16.7%, ,,,,,
The Genius Lanny Poffo,SuperSet '89,3,1,2.8%,7.2,55.6%,4.544,0.1%,0.6%,1.5%,3.1%,41.7%,16.7%, ,,,,,
Chief Jay Strongbow,Deluxe Edition,3,4,16.7%,7.1,61.1%,4.643,0.0%,0.8%,3.5%,1.7%,58.3%,72.2%, ,,,,,
Crusher Blackwell,Promoter's Dream,2,2,8.3%,7.1,61.1%,5.220,0.0%,4.6%,0.0%,6.8%,27.8%,27.8%, ,,,,,
Chief Jay Strongbow,SuperSet '83,3,3,16.7%,7.1,61.1%,4.643,0.0%,1.7%,3.5%,1.7%,58.3%,72.2%, ,,,,,
Captain Lou Albano,SuperSet '85,3,3,16.7%,7.1,61.1%,4.661,8.6%,0.8%,0.0%,8.5%,72.2%,41.7%, ,,,,,
Raymond Rougeau,SuperSet '89,3,3,16.7%,7.1,61.1%,4.661,8.6%,0.8%,0.0%,8.5%,72.2%,41.7%, ,,,,,
Ricky Morton,Promoter's Dream,2,4,16.7%,7.0,63.9%,5.132,0.0%,1.9%,0.0%,3.5%,16.7%,41.7%, ,,,,,
Buddy Roberts,Promoter's Dream,2,3,13.9%,7.0,61.1%,5.090,7.4%,2.5%,0.0%,8.5%,27.8%,58.3%, ,,,,,
Brett Sawyer,SuperSet '84,3,1,2.8%,7.0,58.3%,4.311,0.0%,1.2%,3.2%,1.6%,41.7%,16.7%, ,,,,,
Tom Zenk,SuperSet '87,2,3,16.7%,6.9,63.9%,5.056,0.0%,3.3%,0.0%,3.5%,27.8%,41.7%, ,,,,,
Private Kernodle,SuperSet '83,3,2,11.1%,6.9,44.4%,4.115,1.3%,3.1%,1.3%,2.5%,27.8%,58.3%, ,,,,,
Wild Samoan Afa,Deluxe Edition,3,4,16.7%,6.8,58.3%,4.493,1.7%,1.1%,0.2%,6.5%,72.2%,83.3%, ,,,,,
The Missing Link,Promoter's Dream,2,1,5.6%,6.8,58.3%,5.018,3.6%,0.8%,0.0%,9.7%,27.8%,41.7%, ,,,,,
Exotic Adrian Street,SuperSet '83,3,1,2.8%,6.8,58.3%,4.393,0.0%,0.6%,0.6%,3.2%,58.3%,16.7%, ,,,,,
Mr. Fuji,SuperSet '83,3,3,16.7%,6.8,55.6%,4.362,0.0%,0.8%,2.4%,6.2%,58.3%,83.3%, ,,,,,
Ranger Ross,SuperSet '90,2,2,8.3%,6.7,58.3%,5.012,0.0%,5.5%,0.0%,6.5%,41.7%,27.8%, ,,,,,
Johnny Ace,SuperSet '90,2,2,8.3%,6.6,61.1%,4.772,0.0%,5.9%,0.0%,1.7%,27.8%,27.8%, ,,,,,
Sheik Adnan Al-Kaissie,AWA,3,1,2.8%,6.6,55.6%,4.140,0.0%,0.0%,0.8%,3.1%,58.3%,8.3%, ,,,,,
Frank Dusek,SuperSet '83,3,1,2.8%,6.6,55.6%,4.058,6.2%,0.5%,0.0%,1.5%,58.3%,27.8%, ,,,,,
Danny Davis,SuperSet '87,2,2,11.1%,6.5,63.9%,4.739,7.1%,3.0%,0.0%,10.6%,41.7%,58.3%, ,,,,,
S.D. Jones,SuperSet '87,2,2,8.3%,6.4,63.9%,4.940,0.0%,0.7%,2.4%,3.5%,58.3%,8.3%, ,,,,,
Dynamite Kid,Promoter's Dream,2,4,16.7%,6.0,55.6%,4.345,0.3%,0.6%,1.5%,6.2%,41.7%,41.7%, ,,,,,
Tiger Chung Lee,SuperSet '84,3,2,8.3%,6.0,47.2%,3.484,5.2%,3.5%,0.0%,3.9%,58.3%,8.3%, ,,,,,
Fabulous Moolah,SuperSet '87,1,3,16.7%,5.7,55.6%,4.772,0.0%,3.1%,3.1%,9.3%,16.7%,41.7%, ,,,,,
Misty Blue,SuperSet '87,1,2,11.1%,5.7,55.6%,4.795,0.1%,6.2%,0.0%,6.2%,27.8%,27.8%, ,,,,,
Wendi Richter,SuperSet '87,1,1,5.6%,5.5,55.6%,4.671,1.6%,3.1%,5.4%,3.1%,27.8%,16.7%, ,,,,,
George Welles,Promoter's Dream,1,1,5.6%,5.3,61.1%,4.665,0.1%,0.0%,0.0%,3.4%,41.7%,16.7%, ,,,,,
Brad Armstrong,SuperSet '85,1,1,8.3%,5.2,61.1%,5.157,0.0%,2.7%,3.4%,0.3%,100.0%,2.8%, ,,,,,
Leilani Kai,SuperSet '87,1,2,11.1%,5.2,55.6%,4.492,4.6%,1.1%,0.0%,4.6%,41.7%,27.8%, ,,,,,
Sherri Martel,SuperSet '87,1,2,11.1%,5.1,55.6%,4.319,1.5%,7.8%,0.0%,7.7%,41.7%,58.3%, ,,,,,
Mr. Fuji,Promoter's Dream,1,3,13.9%,5.1,50.0%,4.597,0.0%,0.0%,1.5%,6.9%,58.3%,58.3%, ,,,,,
Barry Horowitz,Promoter's Dream,1,1,5.6%,4.5,52.8%,4.034,0.0%,0.0%,0.0%,2.9%,58.3%,16.7%, ,,,,,
Iron Mike Sharpe,Promoter's Dream,1,1,2.8%,2.5,25.0%,2.503,0.0%,0.0%,0.0%,0.7%,100.0%,2.8%, ,,,,,
